PHI	PSI
-58.873794865946586	-50.476998053136256
-58.838657991161725	-48.230076147123704
-52.712671722938296	-43.80204562385576
-58.971842253926596	-46.83556814783178
-52.62059334243429	-43.83435731317167
-58.9485414767689	-46.9507888970822
-97.2340137445742	-0.6017342865926345
-111.25344529593315	164.50927958438874
-152.82619994202528	124.62342433848448
-156.0918714913433	159.82888234977634
-130.50828259047717	138.93041388546703
-61.51371061895687	129.79958736335504
-58.64896684694408	-24.064172746559425
-58.88529770671086	126.64742473002936
-162.8486037934811	172.73680661736853
