PHI	PSI
-57.07144480900004	-54.14230726964287
-140.6968328604831	169.0747475168536
