CHI1	CHI2
178.73218741050607	65.17842823699587
62.293263050736826	91.48247254808673
