PHI	PSI
-155.20332724038437	155.5554491255599
-120.41136417397689	126.23266753121344
-90.29213067597836	133.4008304303193
-153.06896872491632	154.76775061334504
-114.91214841723159	132.4416022731866
-106.74317360077916	127.56661026291081
-92.21535934025123	124.5600402422465
-158.37182515126946	155.69635749936657
-120.46110857369753	125.07987591038858
-92.91950626906485	131.52915330382797
-152.3899222340516	155.1566142319226
-117.06067326001323	130.6278776298152
-115.25197060990818	131.75936806091315
-90.02821222437771	121.75772961723698
-169.63099354133885	165.29744441781668
-62.19670929421954	-9.431638091614312
-159.0218329187718	161.34088202806626
-118.94667446255075	153.43467639409926
-103.5362704235904	131.93009367305703
-112.16680626210646	154.98217679111772
-116.45683226782039	-35.75044946383787
-53.307886806879715	136.01666498612738
-116.81967398792811	161.68791378253002
-119.57399213572236	152.06957803619596
-100.82709046118902	132.6939182673886
-115.53037677302585	156.97411734181924
-113.95730799061705	-37.576106314063615
-93.57731791301534	140.17995881344817
-110.68550031580776	161.6690300360432
