CHI1	CHI2
66.01493564307692	-96.26390699251675
67.34033049906118	-97.3136683214106
64.37696844888181	-93.49253598167569
55.85341477379295	95.26008313276775
