PHI	PSI
-69.32497066284452	-29.428509776006358
-72.91051771474282	-29.802324731415908
-69.54321946712825	-27.23038816807008
-69.89882609561519	-15.44075009404491
