CHI1	CHI2
65.0874757844841	90.5665583123991
175.44590505649495	-89.57939540247986
-75.36127764469123	96.30606467587026
66.368735206258	95.20524271238158
-69.17381175193702	97.44876033370498
174.36297575993845	-84.5141576655395
-71.37263445964689	93.47403368106617
62.745972911653794	91.47248167579737
173.43218451693957	-86.72890718705803
-72.04565297402182	94.21223621565093
65.58554227311589	96.70363344331096
-67.63819809558157	93.46777818840985
174.79964788429766	-86.0106232643519
-72.63750021885288	98.93732908538549
66.1865496694835	96.04168917836999
