PHI	PSI
-154.0845804323056	156.88485567203136
-127.65918767889617	128.18871605240946
-91.78171095520536	133.4229528807274
-151.46022948061372	154.18368818437736
-114.70319143436615	140.222098074752
-112.39024711404426	123.40264845215536
-94.12724816886055	124.60120791405839
-152.5458223428315	156.44808657716305
-131.0851951515806	126.78778286408479
-96.23608653013358	131.1114451807267
-150.75498681308693	155.5745198555011
-118.14215705526622	136.71940110960884
-120.25428524473323	125.33942974314711
-95.47706100663912	125.74055826369117
-70.2221042631737	-4.977991718211505
