CHI1	CHI2
-74.19969775329658	13.571926002795376
-62.610910660156065	128.94461949286523
-54.46728892730542	-29.041141515714163
-58.95104231435023	-20.905671339961252
-63.75635480800972	-7.599227046481531
-63.48292184513977	-12.920283614618276
-63.68281942968979	-52.4770713906435
