PHI	PSI
70.15338275274878	17.832594710128966
-66.3924900045184	-42.16377203788506
-114.94449341094976	134.81064195756446
-118.62479230025146	135.18900020188335
-116.9036298657301	128.96606263979288
-117.75214888496883	122.44952906315842
-116.01297647449181	134.30991733009705
